﻿<?xml version="1.0" encoding="utf-8" ?>
<Defs>

  <BodyPartDef>
    <defName>DRSKT_Torso</defName>
    <label>torso</label>
    <hitPoints>40</hitPoints>
	<bleedRate>0</bleedRate>
    <skinCovered>true</skinCovered>
    <solid>true</solid>
    <canSuggestAmputation>false</canSuggestAmputation>
  </BodyPartDef>

  <BodyPartDef>
    <defName>DRSKT_Shoulder</defName>
    <label>shoulder</label>
    <hitPoints>30</hitPoints>
	<bleedRate>0</bleedRate>
    <skinCovered>true</skinCovered>
    <solid>true</solid>
    <tags>
      <li>ManipulationLimbSegment</li>
    </tags>
  </BodyPartDef>

  <BodyPartDef>
    <defName>DRSKT_Arm</defName>
    <label>arm</label>
    <hitPoints>30</hitPoints>
	<bleedRate>0</bleedRate>
    <skinCovered>true</skinCovered>
    <solid>true</solid>
    <tags>
      <li>ManipulationLimbCore</li>
    </tags>
  </BodyPartDef>

  <BodyPartDef>
    <defName>DRSKT_Hand</defName>
    <label>hand</label>
    <hitPoints>20</hitPoints>
	<bleedRate>0</bleedRate>
    <skinCovered>true</skinCovered>
    <solid>true</solid>
    <tags>
      <li>ManipulationLimbSegment</li>
    </tags>
  </BodyPartDef>

  <BodyPartDef>
    <defName>DRSKT_Finger</defName>
    <label>finger</label>
    <hitPoints>8</hitPoints>
    <pawnGeneratorCanAmputate>true</pawnGeneratorCanAmputate>
	<bleedRate>0</bleedRate>
    <skinCovered>true</skinCovered>
    <solid>true</solid>
    <tags>
      <li>ManipulationLimbDigit</li>
    </tags>
  </BodyPartDef>

  <BodyPartDef>
    <defName>DRSKT_Waist</defName>
    <label>waist</label>
    <conceptual>true</conceptual>
	<bleedRate>0</bleedRate>
    <solid>true</solid>
  </BodyPartDef>

  <BodyPartDef>
    <defName>DRSKT_Toe</defName>
    <label>toe</label>
    <hitPoints>8</hitPoints>
    <pawnGeneratorCanAmputate>true</pawnGeneratorCanAmputate>
    <skinCovered>true</skinCovered>
	<bleedRate>0</bleedRate>
	<solid>true</solid>
    <tags>
      <li>MovingLimbDigit</li>
    </tags>
  </BodyPartDef>
  
</Defs>
