﻿<?xml version="1.0" encoding="utf-8" ?>

<Defs>

  <BodyPartDef>
    <defName>DRSKT_Neck</defName>
    <label>neck</label>
    <hitPoints>25</hitPoints>
    <bleedRate>0</bleedRate>
    <skinCovered>true</skinCovered>
    <solid>true</solid>
    <tags>
      <li>TalkingPathway</li>
    </tags>
    <canSuggestAmputation>false</canSuggestAmputation>
  </BodyPartDef>

  <BodyPartDef>
    <defName>DRSKT_Leg</defName>
    <label>leg</label>
    <hitPoints>30</hitPoints>
    <bleedRate>0</bleedRate>
    <skinCovered>true</skinCovered>
	<solid>true</solid>
    <tags>
      <li>MovingLimbCore</li>
    </tags>
  </BodyPartDef>

  <BodyPartDef>
    <defName>DRSKT_Foot</defName>
    <label>foot</label>
    <hitPoints>25</hitPoints>
	<bleedRate>0</bleedRate>
    <skinCovered>true</skinCovered>
	<solid>true</solid>
    <tags>
      <li>MovingLimbSegment</li>
    </tags>
  </BodyPartDef>

</Defs>