<?xml version="1.0" encoding="utf-8" ?>
<Defs>
<AlienRace.ThingDef_AlienRace ParentName="BasePawn">
    <defName>DRSKT_Race</defName>
    <label>Skeleton</label>
    <description>오래전 죽은 사람이지만 알 수 없는 이유로 부활하여 돌아다니고 있습니다.</description>
<!--=============================================================================================================================-->
    <alienRace>
		<generalSettings>
			<maleGenderProbability>0.5</maleGenderProbability>
			<useOnlyPawnkindBackstories>true</useOnlyPawnkindBackstories>
			<immuneToAge>true</immuneToAge>
            <humanRecipeImport>false</humanRecipeImport>
			<maxDamageForSocialfight>4</maxDamageForSocialfight>
		<alienPartGenerator>
            <alienbodytypes>
                <li>Thin</li>
				<li>Male</li>
            </alienbodytypes>
            <aliencrowntypes>
                <li>Average_Normal</li>
				<li>Average_Wa</li>
            </aliencrowntypes>
            <useGenderedHeads>false</useGenderedHeads>
			<useGenderedBodies>false</useGenderedBodies>
            <alienskincolorgen Class="ColorGenerator_Options">
                <options>
                    <li>
                        <weight>100</weight>
                        <only>RGBA(1.0,1.0,1.0,1)</only>
                    </li>
                </options>
            </alienskincolorgen>
		</alienPartGenerator>
        </generalSettings>
<!--=============================================================================================================================-->
        <graphicPaths>
            <li>
                <head>DRSKT/Heads/</head>
                <body>DRSKT/Bodies/</body>
            </li>
        </graphicPaths>
<!--=============================================================================================================================-->
        <hairSettings>
            <hasHair>false</hasHair>
        </hairSettings>
	</alienRace>
<!--=============================================================================================================================-->
    <statBases>
      <MarketValue>1500</MarketValue>
      <MoveSpeed>4.2</MoveSpeed>
      <Flammability>0</Flammability>
      <ComfyTemperatureMin>-273</ComfyTemperatureMin>
      <ComfyTemperatureMax>2000</ComfyTemperatureMax>
      <LeatherAmount>0</LeatherAmount>
	  <MeatAmount>0</MeatAmount>
      <Mass>30</Mass>
	  <WorkSpeedGlobal>0.8</WorkSpeedGlobal>
	  <ToxicSensitivity>0</ToxicSensitivity>
	  <PainShockThreshold>1</PainShockThreshold>
	  <HungerRateMultiplier>0</HungerRateMultiplier>
    </statBases>
<!--=============================================================================================================================-->
    <tools>
      <li>
        <label>left fist</label>
        <capacities>
          <li>Blunt</li>
        </capacities>
        <power>12</power>
        <cooldownTime>2.2</cooldownTime>
        <linkedBodyPartsGroup>LeftHand</linkedBodyPartsGroup>
        <surpriseAttack>
          <extraMeleeDamages>
            <li>
              <def>Stun</def>
              <amount>16</amount>
            </li>
          </extraMeleeDamages>
        </surpriseAttack>
      </li>
      <li>
        <label>right fist</label>
        <capacities>
          <li>Blunt</li>
        </capacities>
        <power>12</power>
        <cooldownTime>2.2</cooldownTime>
        <linkedBodyPartsGroup>RightHand</linkedBodyPartsGroup>
        <surpriseAttack>
          <extraMeleeDamages>
            <li>
              <def>Stun</def>
              <amount>16</amount>
            </li>
          </extraMeleeDamages>
        </surpriseAttack>
      </li>
      <li>
        <label>head</label>
        <capacities>
          <li>Blunt</li>
        </capacities>
        <power>14</power>
        <cooldownTime>2.2</cooldownTime>
        <linkedBodyPartsGroup>HeadAttackTool</linkedBodyPartsGroup>
        <ensureLinkedBodyPartsGroupAlwaysUsable>true</ensureLinkedBodyPartsGroupAlwaysUsable>
        <chanceFactor>0.3</chanceFactor>
      </li>
    </tools>
<!--=============================================================================================================================-->
    <race>
      <thinkTreeMain>Humanlike</thinkTreeMain>
      <thinkTreeConstant>HumanlikeConstant</thinkTreeConstant>
      <intelligence>Humanlike</intelligence>
      <makesFootprints>true</makesFootprints>
      <lifeExpectancy>3000</lifeExpectancy>
      <leatherDef>Leather_Human</leatherDef>
      <nameCategory>HumanStandard</nameCategory>
	  <body>DRSKT_Body</body>
	  <deathActionWorkerClass>DeathActionWorker_SmallExplosion</deathActionWorkerClass>
	  <needsRest>false</needsRest>
      <baseBodySize>1</baseBodySize>
      <baseHealthScale>0.9</baseHealthScale>
      <foodType>OmnivoreHuman</foodType>
      <gestationPeriodDays>9999</gestationPeriodDays>
      <meatMarketValue>0.8</meatMarketValue>
      <manhunterOnDamageChance>0.60</manhunterOnDamageChance>
      <manhunterOnTameFailChance>0.04</manhunterOnTameFailChance>
      <litterSizeCurve>
        <points>
          <li>(0.5, 0)</li>
          <li>(1, 1)</li>
          <li>(2.5, 0)</li>
        </points>
      </litterSizeCurve>
      <lifeStageAges>
        <li>
          <def>HumanlikeBaby</def>
          <minAge>0</minAge>
        </li>
        <li>
          <def>HumanlikeToddler</def>
          <minAge>1</minAge>
        </li>
        <li>
          <def>HumanlikeChild</def>
          <minAge>4</minAge>
        </li>
        <li>
          <def>HumanlikeTeenager</def>
          <minAge>13</minAge>
        </li>
        <li>
          <def>HumanlikeAdult</def>
          <minAge>18</minAge>
        </li>
      </lifeStageAges>
      <soundMeleeHitPawn>Pawn_Melee_Punch_HitPawn</soundMeleeHitPawn>
      <soundMeleeHitBuilding>Pawn_Melee_Punch_HitBuilding</soundMeleeHitBuilding>
      <soundMeleeMiss>Pawn_Melee_Punch_Miss</soundMeleeMiss>
      <specialShadowData>
        <volume>(0.3, 0.8, 0.4)</volume>
        <offset>(0,0,-0.3)</offset>
      </specialShadowData>
      <ageGenerationCurve>
        <points>
          <li>(160,0)</li>
          <li>(500,100)</li>
          <li>(1000,100)</li>
          <li>(1500,100)</li>
          <li>(2000,50)</li>
          <li>(2500,25)</li>
          <li>(3000,0)</li>
        </points>
      </ageGenerationCurve>
    </race>
    <recipes>
      <li>DRSKT_InstallPegLeg</li>
      <li>DRSKT_InstallWoodenFoot</li>
      <li>DRSKT_InstallSimpleProstheticLeg</li>
      <li>DRSKT_InstallSimpleProstheticArm</li>
      <li>DRSKT_InstallBionicArm</li>
      <li>DRSKT_InstallBionicLeg</li>
      <li>DRSKT_InstallArchotechArm</li>
      <li>DRSKT_InstallArchotechLeg</li>
      <li>DRSKT_InstallPowerClaw</li>
    </recipes>
</AlienRace.ThingDef_AlienRace>
</Defs>